<?xml version="1.0" encoding="UTF-8"?>

<!DOCTYPE mapper
    PUBLIC "-//mybatis.org//DTD Mapper 3.0//EN"
    "http://mybatis.org/dtd/mybatis-3-mapper.dtd">
    
<mapper namespace="mybatis.MyBoardDAOImpl">

	<select id="list" resultType="mybatis.MyBoardDTO">
		select * from myboard order by idx desc
	</select>
	
	<insert id="write">
		<!-- insert into myboard (idx, name, contents, id) values (myboard_seq.nextval, #{param1}, #{param2}, #{param3}) -->
		insert into myboard (idx, id, name, contents) values (myboard_seq.nextval, #{_id}, #{_name}, #{_contents})
	</insert>
	
	<delete id="delete">
		delete from myboard where idx=#{param1} and id=#{param2}
	</delete>
	
	<select id="view" resultType="mybatis.MyBoardDTO">
		select * from myboard where idx=#{param1} and id=#{param2}
	</select>
	
	<update id="modify">
		update myboard set name=#{param1}, contents=#{param2} where idx=#{param3} and id=#{param4}
	</update>
	
</mapper>