<?xml version="1.0" encoding="UTF-8"?>
<beans xmlns="http://www.springframework.org/schema/beans"
	xmlns:xsi="http://www.w3.org/2001/XMLSchema-instance"
	xmlns:aop="http://www.springframework.org/schema/aop"
	xsi:schemaLocation="http://www.springframework.org/schema/beans http://www.springframework.org/schema/beans/spring-beans.xsd
		http://www.springframework.org/schema/aop http://www.springframework.org/schema/aop/spring-aop.xsd">

	<!-- AOP설정. 공통 기능으로 사용한 클래스의 메소드 지정 -->
	<aop:aspectj-autoproxy />
	<bean id="logAop" class="AOP.CommonAOP2" />
	
	<bean id="student" class="AOP.ObjStudent">
		<property name="name" value="홍길동" />
		<property name="age" value="99" />
		<property name="major" value="도둑질" />
		<property name="gradeNum" value="6" />
	</bean>

	<bean id="salesMan" class="AOP.ObjSalesMan">
		<property name="name">
			<value>장그래</value>
		</property>
		<property name="age">
			<value>35</value>
		</property>
		<property name="job">
			<value>영업3팀</value>
		</property>
		<property name="salary">
			<value>450</value>
		</property>
	</bean>

</beans>
