<?xml version="1.0" encoding="UTF-8"?>
<beans xmlns="http://www.springframework.org/schema/beans"
	xmlns:xsi="http://www.w3.org/2001/XMLSchema-instance"
	xmlns:context="http://www.springframework.org/schema/context"
	xsi:schemaLocation="http://www.springframework.org/schema/beans http://www.springframework.org/schema/beans/spring-beans.xsd
		http://www.springframework.org/schema/context http://www.springframework.org/schema/context/spring-context-4.3.xsd">

	<!-- 
	Lifecycle 클래스에서 어노테이션을 이용하여 빈 초기화/소멸 과정에서 호출될 메소드를 정의하였다.
	이 경우 XML설정파일을 생성할 때 하단탭의 "Namespaces"를 열어 "context"항목을 체크하여
	엘리먼트를 추가해야 한다.
	<beans 엘리먼트에 xmlns:context="...." 형태로 추가된다.
	 -->
	<context:annotation-config />
	
	<!-- 
	빈으로 지정된 객체는 기본적으로 singleton객체로 관리된다.
	별도의 scope를 지정하지 않으면 싱글톤이 된다.
	- singleton : 빈을 생성 후 인스턴스 재사용이 가능한 형태
	- prototype : getBean()으로 빈을 주입받을 때마다 새로운 인스턴스를 생성하는 형태
	 -->
	<bean id="family1" class="di.Lifecycle01" scope="singleton">
		<constructor-arg value="홍길동"></constructor-arg>
		<constructor-arg value="99"></constructor-arg>
	</bean>
	
	<bean id="family2" class="di.Lifecycle02">
		<constructor-arg>
			<value>홍길순</value>
		</constructor-arg>
		<constructor-arg>
			<value>88</value>
		</constructor-arg>
	</bean>

</beans>
