<?xml version="1.0" encoding="UTF-8"?>
<beans xmlns="http://www.springframework.org/schema/beans"
	xmlns:xsi="http://www.w3.org/2001/XMLSchema-instance"
	xmlns:context="http://www.springframework.org/schema/context"
	xsi:schemaLocation="http://www.springframework.org/schema/beans http://www.springframework.org/schema/beans/spring-beans.xsd
		http://www.springframework.org/schema/context http://www.springframework.org/schema/context/spring-context-4.3.xsd">

	<!-- 
	Environment 객체를 사용하지 않고 XML설정파일에서 외부파일을 가져오기 위해서 "context" 네임스페이스가 추가되었고,
	이를 기반으로 <context:property-placeholder> 엘리먼트를 추가하여 XML 설정파일의 위치를 설정한다.
	 -->
	<context:property-placeholder location="classpath:EnvUser1.properties, classpath:EnvUser2.properties" />

	<!-- 
	외부 properties파일에서 가져온 값을 기반으로 userConnection 클래스의 빈을 생성한다.
	파일에서 읽어온 값은 멤버변수의 초기값으로 사용된다.
	 -->
	<bean id="userConnection" class="env.UserConnection">
		<property name="mainUserId">
			<value>${mainUser.id}</value>
		</property>
		<property name="mainUserPw">
			<value>${mainUser.pw}</value>
		</property>
		<property name="subUserId">
			<value>${subUser.id}</value>
		</property>
		<property name="subUserPw">
			<value>${subUser.pw}</value>
		</property>
	</bean>

</beans>
